Model,Accuracy,Precision,Recall,F1-score
ExtraTrees,0.9875,0.9874732082797731,0.9875,0.9874590264012304
Dummy,0.761,0.579121,0.761,0.6577183418512209
GradientBoosting,0.99225,0.9922386044367182,0.99225,0.9922373936993901
KNeighbors,0.94675,0.9467200322503488,0.94675,0.945446708399485
PassiveAggressive,0.98775,0.9878525373840721,0.98775,0.98778254930007
RandomForest,0.988,0.9879735279417282,0.988,0.987978293550246
QDA,0.979,0.9797615296862777,0.979,0.9791806347768921
Bagging,0.98875,0.9887296762074941,0.98875,0.9887152016492385
SGDClassifier,0.992,0.992,0.992,0.992
